Feature,Importance
Mode11_Freq,0.4134973432665672
stiffness_ratio,0.2969032779282671
Mode7_Freq,0.12893082348189633
mass_efficiency,0.08095796575720654
Mass,0.0797105895660629
